{
  "tile_size": 256,
  "cols": 6,
  "rows": 4,
  "tiles": {
    "0": [
      0.0,
      0.0,
      0.16666666666666666,
      0.25
    ],
    "1": [
      0.16666666666666666,
      0.0,
      0.3333333333333333,
      0.25
    ],
    "2": [
      0.3333333333333333,
      0.0,
      0.5,
      0.25
    ],
    "3": [
      0.5,
      0.0,
      0.6666666666666666,
      0.25
    ],
    "4": [
      0.6666666666666666,
      0.0,
      0.8333333333333334,
      0.25
    ],
    "5": [
      0.8333333333333334,
      0.0,
      1.0,
      0.25
    ],
    "6": [
      0.0,
      0.25,
      0.16666666666666666,
      0.5
    ],
    "7": [
      0.16666666666666666,
      0.25,
      0.3333333333333333,
      0.5
    ],
    "8": [
      0.3333333333333333,
      0.25,
      0.5,
      0.5
    ],
    "9": [
      0.5,
      0.25,
      0.6666666666666666,
      0.5
    ],
    "10": [
      0.6666666666666666,
      0.25,
      0.8333333333333334,
      0.5
    ],
    "11": [
      0.8333333333333334,
      0.25,
      1.0,
      0.5
    ],
    "12": [
      0.0,
      0.5,
      0.16666666666666666,
      0.75
    ],
    "13": [
      0.16666666666666666,
      0.5,
      0.3333333333333333,
      0.75
    ],
    "14": [
      0.3333333333333333,
      0.5,
      0.5,
      0.75
    ],
    "15": [
      0.5,
      0.5,
      0.6666666666666666,
      0.75
    ],
    "16": [
      0.6666666666666666,
      0.5,
      0.8333333333333334,
      0.75
    ],
    "17": [
      0.8333333333333334,
      0.5,
      1.0,
      0.75
    ],
    "18": [
      0.0,
      0.75,
      0.16666666666666666,
      1.0
    ],
    "19": [
      0.16666666666666666,
      0.75,
      0.3333333333333333,
      1.0
    ],
    "20": [
      0.3333333333333333,
      0.75,
      0.5,
      1.0
    ],
    "21": [
      0.5,
      0.75,
      0.6666666666666666,
      1.0
    ],
    "22": [
      0.6666666666666666,
      0.75,
      0.8333333333333334,
      1.0
    ],
    "23": [
      0.8333333333333334,
      0.75,
      1.0,
      1.0
    ]
  }
}